TSP,O3,CO,NO2,SO2,Temperature,Humidity,Chất lượng không khí,timestamp
0,0,0,0,0,0,0,,2025-05-13 23:16:08.452302
3,33,61,35,42,35,11,"'
    <div style=""display: flex; flex-direction: column; align-items: center;"">
        <div style=""
            width: 200px;
            height: 200px;
            border-radius: 50%;
            background: #00e400;
            display: flex;
            align-items: center;
            justify-content: center;
            flex-direction: column;
            box-shadow: 0 0 30px #00e400;
            color: white;
            font-size: 24px;
            font-weight: bold;
        "">
            <div>17.03</div>
            <div style=""font-size: 18px;"">GOOD</div>
        </div>
        <p style=""margin-top: 20px;"">PM2.5 dự đoán</p>
    </div>
    ",2025-05-13 23:16:38.026739
